{"MSE": 2.450098524135081, "_timestamp": 1685552812.4289033, "_runtime": 16.399325370788574, "_step": 0, "_wandb": {"runtime": 15}}