{"MSE": 2.4472705196976583, "_timestamp": 1685552849.0309827, "_runtime": 16.523608684539795, "_step": 0, "_wandb": {"runtime": 15}}