{"mean_squared_error": 2.453983836538874, "_timestamp": 1685551136.7826042, "_runtime": 26.36512017250061, "_step": 0, "_wandb": {"runtime": 25}}