{"MSE": 2.4545031627561533, "_timestamp": 1685552697.023747, "_runtime": 13.399268865585327, "_step": 0, "_wandb": {"runtime": 12}}