{"MSE": 2.449531150422569, "_timestamp": 1685552737.4598694, "_runtime": 24.28952145576477, "_step": 0, "_wandb": {"runtime": 23}}