{"MSE": 2.4477826130709057, "_timestamp": 1685552781.124028, "_runtime": 21.536298990249634, "_step": 0, "_wandb": {"runtime": 20}}